{
    "prc": [
        {
            "precision": 0.9390243902439024,
            "recall": 1.0,
            "threshold": 0.0
        },
        {
            "precision": 0.9565217391304348,
            "recall": 0.8571428571428571,
            "threshold": 0.5
        },
        {
            "precision": 0.9545454545454546,
            "recall": 0.8181818181818182,
            "threshold": 0.9230769230769231
        },
        {
            "precision": 1.0,
            "recall": 0.37662337662337664,
            "threshold": 1.0
        }
    ]
}