{
    "prc": [
        {
            "precision": 0.9390243902439024,
            "recall": 1.0,
            "threshold": 0.0
        },
        {
            "precision": 0.9375,
            "recall": 0.5844155844155844,
            "threshold": 1.0
        }
    ]
}