{
    "prc": [
        {
            "precision": 0.0975609756097561,
            "recall": 1.0,
            "threshold": 0.0
        },
        {
            "precision": 0.16666666666666666,
            "recall": 0.375,
            "threshold": 1.0
        }
    ]
}