{
    "prc": [
        {
            "precision": 0.3900709219858156,
            "recall": 1.0,
            "threshold": 0.0
        },
        {
            "precision": 0.45,
            "recall": 0.6545454545454545,
            "threshold": 1.0
        }
    ]
}