{
    "prc": [
        {
            "precision": 0.9390243902439024,
            "recall": 1.0,
            "threshold": 0.0
        },
        {
            "precision": 0.96,
            "recall": 0.6233766233766234,
            "threshold": 1.0
        }
    ]
}