{
    "prc": [
        {
            "precision": 0.3900709219858156,
            "recall": 1.0,
            "threshold": 0.0
        },
        {
            "precision": 0.6078431372549019,
            "recall": 0.5636363636363636,
            "threshold": 1.0
        }
    ]
}