{
    "prc": [
        {
            "precision": 0.3900709219858156,
            "recall": 1.0,
            "threshold": 0.0
        },
        {
            "precision": 0.6341463414634146,
            "recall": 0.4727272727272727,
            "threshold": 1.0
        }
    ]
}