{
    "prc": [
        {
            "precision": 0.0975609756097561,
            "recall": 1.0,
            "threshold": 0.0
        },
        {
            "precision": 0.23529411764705882,
            "recall": 0.5,
            "threshold": 1.0
        }
    ]
}