{
    "prc": [
        {
            "precision": 0.3900709219858156,
            "recall": 1.0,
            "threshold": 0.0
        },
        {
            "precision": 0.5074626865671642,
            "recall": 0.6181818181818182,
            "threshold": 1.0
        }
    ]
}