{
    "prc": [
        {
            "precision": 0.9390243902439024,
            "recall": 1.0,
            "threshold": 0.0
        },
        {
            "precision": 0.9672131147540983,
            "recall": 0.7662337662337663,
            "threshold": 1.0
        }
    ]
}