{
    "roc": [
        {
            "fpr": 0.0,
            "tpr": 0.0,
            "threshold": 2.0
        },
        {
            "fpr": 0.5116279069767442,
            "tpr": 0.6545454545454545,
            "threshold": 1.0
        },
        {
            "fpr": 1.0,
            "tpr": 1.0,
            "threshold": 0.0
        }
    ]
}