{"silhouette": 0.8133997108251233, "v_measure": 0.2910888525916877, "completeness_score": 0.4993319885223097, "homogeneity": 0.20541984953705605}