{"silhouette": 0.8133997108251233, "v_measure": 0.2910888525916877}