{"silhouette": 0.8512703866184739, "v_measure": 0.21237462496413173, "completeness_score": 0.44859579288653867, "homogeneity": 0.13911799608792846}