{"silhouette": 0.8512703866184739, "v_measure": 0.21237462496413173}