{"silhouette": 0.5567096579011015, "v_measure": 0.20277421019201974, "completeness_score": 0.20816157153421166, "homogeneity": 0.19765867097359507}