{"accuracy": 0.7424242424242424, "precision": 0.16666666666666666, "recall": 0.6, "f1": 0.2608695652173913, "auc": 0.839344262295082, "predict_time": 0.001352071762084961}