{"accuracy": 0.6707317073170732, "precision": 0.12, "recall": 0.375, "f1": 0.18181818181818182, "auc": 0.5388513513513513}