{"accuracy": 0.7727272727272727, "precision": 0.25, "recall": 1.0, "f1": 0.4, "auc": 0.9377049180327869, "predict_time": 0.004252195358276367}