{"accuracy": 0.7560975609756098, "precision": 0.16666666666666666, "recall": 0.375, "f1": 0.23076923076923078, "auc": 0.5861486486486487}