{"accuracy": 0.7560975609756098, "precision": 0.9672131147540983, "recall": 0.7662337662337663, "f1": 0.855072463768116, "auc": 0.6831168831168832}