{"accuracy": 0.6341463414634146, "precision": 0.9272727272727272, "recall": 0.6623376623376623, "f1": 0.7727272727272726}