{"accuracy": 0.9242424242424242, "precision": 0.5, "recall": 0.4, "f1": 0.4444444444444445, "auc": 0.8803278688524591, "predict_time": 0.006834506988525391}