{"accuracy": 0.7926829268292683, "precision": 0.23529411764705882, "recall": 0.5, "f1": 0.31999999999999995, "auc": 0.6621621621621622}