{"accuracy": 0.6219512195121951, "precision": 0.96, "recall": 0.6233766233766234, "f1": 0.7559055118110236, "auc": 0.6116883116883117}