{"accuracy": 0.7878787878787878, "precision": 0.2, "recall": 0.6, "f1": 0.3, "auc": 0.839344262295082, "predict_time": 0.0011141300201416016}