{"accuracy": 0.8333333333333334, "precision": 0.25, "recall": 0.6, "f1": 0.35294117647058826, "auc": 0.8409836065573771, "predict_time": 0.015001535415649414}