{"accuracy": 0.7727272727272727, "precision": 0.25, "recall": 1.0, "f1": 0.4, "auc": 0.8770491803278688}