{"accuracy": 0.6879432624113475, "precision": 0.6078431372549019, "recall": 0.5636363636363636, "f1": 0.5849056603773585, "auc": 0.6655391120507399}