{"accuracy": 0.6463414634146342, "precision": 0.0, "recall": 0.0, "f1": 0.0, "auc": 0.3581081081081081}