{"accuracy": 0.9242424242424242, "precision": 0.5, "recall": 0.6, "f1": 0.5454545454545454, "auc": 0.9114754098360656}