{"accuracy": 0.6879432624113475, "precision": 0.6341463414634146, "recall": 0.4727272727272727, "f1": 0.5416666666666666, "auc": 0.649154334038055}