{"accuracy": 0.7575757575757576, "precision": 0.13333333333333333, "recall": 0.4, "f1": 0.2, "auc": 0.6245901639344262}