{"accuracy": 0.5531914893617021, "precision": 0.45, "recall": 0.6545454545454545, "f1": 0.5333333333333333, "auc": 0.5714587737843552}