{"accuracy": 0.9242424242424242, "precision": 0.5, "recall": 0.4, "f1": 0.4444444444444445, "auc": 0.8934426229508197, "predict_time": 0.0076558589935302734}