{"accuracy": 0.6170212765957447, "precision": 0.5074626865671642, "recall": 0.6181818181818182, "f1": 0.5573770491803278, "auc": 0.61723044397463}