{"accuracy": 0.7317073170731707, "precision": 0.15, "recall": 0.375, "f1": 0.21428571428571425, "auc": 0.5726351351351352}