{"accuracy": 0.7926829268292683, "precision": 0.9545454545454546, "recall": 0.8181818181818182, "f1": 0.881118881118881, "auc": 0.6090909090909091}