{"accuracy": 0.5853658536585366, "precision": 0.9574468085106383, "recall": 0.5844155844155844, "f1": 0.7258064516129032, "auc": 0.5922077922077922}