{"accuracy": 0.7981651376146789, "precision": 0.34782608695652173, "recall": 0.5333333333333333, "f1": 0.4210526315789474, "auc": 0.6868794326241134}