{"accuracy": 0.8165137614678899, "precision": 0.3684210526315789, "recall": 0.4666666666666667, "f1": 0.4117647058823529, "auc": 0.6695035460992909}