{"accuracy": 0.573170731707317, "precision": 0.9375, "recall": 0.5844155844155844, "f1": 0.7200000000000001, "auc": 0.4922077922077922}