{"accuracy": 0.8181818181818182, "precision": 0.23076923076923078, "recall": 0.6, "f1": 0.33333333333333337, "auc": 0.8491803278688526}