{"accuracy": 0.7121212121212122, "precision": 0.1111111111111111, "recall": 0.4, "f1": 0.1739130434782609, "auc": 0.5688524590163934}